{"cameraMode":{"drawMode":0,"name":"Shaded","section":"Shading Mode"},"sceneLighting":true,"audioPlay":false,"sceneViewState":{"showFog":true,"showMaterialUpdate":false,"showSkybox":true,"showFlares":true,"showImageEffects":true,"showParticleSystems":true,"showVisualEffectGraphs":true,"m_FxEnabled":true},"in2DMode":false,"pivot":{"x":-69.02359771728516,"y":9.678956031799317,"z":-50.62837600708008},"rotation":{"x":-0.028285417705774308,"y":-0.42521169781684878,"z":-0.013185594230890274,"w":0.9047842621803284},"size":11.664583206176758,"orthographic":false}