{"cameraMode":{"drawMode":0,"name":"Shaded","section":"Shading Mode"},"sceneLighting":true,"audioPlay":false,"sceneViewState":{"showFog":true,"showMaterialUpdate":false,"showSkybox":true,"showFlares":true,"showImageEffects":true,"showParticleSystems":true,"showVisualEffectGraphs":true,"m_FxEnabled":true},"in2DMode":false,"pivot":{"x":-23.341779708862306,"y":11.58458423614502,"z":-5.697381019592285},"rotation":{"x":0.048105835914611819,"y":0.08447284251451493,"z":-0.0039906492456793789,"w":0.9952363967895508},"size":1.614142894744873,"orthographic":false}