{"cameraMode":{"drawMode":0,"name":"Shaded","section":"Shading Mode"},"sceneLighting":false,"audioPlay":false,"sceneViewState":{"showFog":true,"showMaterialUpdate":false,"showSkybox":false,"showFlares":true,"showImageEffects":true,"showParticleSystems":true,"showVisualEffectGraphs":true,"m_FxEnabled":true},"in2DMode":false,"pivot":{"x":6.284658432006836,"y":4.546731472015381,"z":-23.738100051879884},"rotation":{"x":0.001051315339282155,"y":0.9976966381072998,"z":0.016154104843735696,"w":-0.06594931334257126},"size":1.433285117149353,"orthographic":false}